Date,Open,High,Low,Close,Close_adj,Volume
2018-01-02,312.0,322.1099853515625,311.0,320.5299987792969,320.5299987792969,4352200
2018-01-03,321.0,325.25,315.54998779296875,317.25,317.25,4521500
2018-01-04,312.8699951171875,318.54998779296875,305.67999267578125,314.6199951171875,314.6199951171875,9946300
2018-01-05,316.6199951171875,317.239990234375,312.0,316.5799865722656,316.5799865722656,4591200
2018-01-08,316.0,337.0199890136719,315.5,336.4100036621094,336.4100036621094,9859400
2018-01-09,335.1600036621094,338.79998779296875,327.3999938964844,333.69000244140625,333.69000244140625,7146600
2018-01-10,332.20001220703125,337.0,330.0,334.79998779296875,334.79998779296875,4309900
2018-01-11,335.239990234375,344.8099975585937,333.260009765625,337.95001220703125,337.95001220703125,6645500
2018-01-12,338.6300048828125,340.4100036621094,333.6700134277344,336.2200012207031,336.2200012207031,4825100
2018-01-16,337.5400085449219,345.0,334.79998779296875,340.0599975585937,340.0599975585937,6474300
2018-01-17,340.4700012207031,349.0,339.75,347.1600036621094,347.1600036621094,7103500
2018-01-18,345.6700134277344,352.29998779296875,343.739990234375,344.57000732421875,344.57000732421875,5685800
2018-01-19,345.0,350.5899963378906,342.6000061035156,350.0199890136719,350.0199890136719,4888300
2018-01-22,349.3999938964844,357.8299865722656,349.20001220703125,351.5599975585937,351.5599975585937,6210400
2018-01-23,360.0,360.5,351.0,352.7900085449219,352.7900085449219,5465400
2018-01-24,354.5799865722656,354.75,343.5199890136719,345.8900146484375,345.8900146484375,5287500
2018-01-25,348.2699890136719,349.20001220703125,336.3999938964844,337.6400146484375,337.6400146484375,6740300
2018-01-26,341.5,344.0,335.7099914550781,342.8500061035156,342.8500061035156,4539400
2018-01-29,339.8500061035156,350.8500061035156,338.2799987792969,349.5299987792969,349.5299987792969,4747100
2018-01-30,345.1400146484375,348.2699890136719,342.1700134277344,345.82000732421875,345.82000732421875,4717700
2018-01-31,347.510009765625,356.19000244140625,345.19000244140625,354.3099975585937,354.3099975585937,6214100
2018-02-01,351.0,359.6600036621094,348.6300048828125,349.25,349.25,4197700
2018-02-02,348.44000244140625,351.95001220703125,340.510009765625,343.75,343.75,3704800
2018-02-05,337.9700012207031,344.4700012207031,333.0,333.1300048828125,333.1300048828125,4464100
2018-02-06,325.2099914550781,336.2200012207031,323.5,333.9700012207031,333.9700012207031,5088400
2018-02-07,338.989990234375,346.0,335.6600036621094,345.0,345.0,6969200
2018-02-08,343.3099975585937,348.6199951171875,314.6000061035156,315.2300109863281,315.2300109863281,10314600
2018-02-09,319.92999267578125,320.9800109863281,294.760009765625,310.4200134277344,310.4200134277344,12933700
2018-02-12,316.1300048828125,318.0799865722656,306.25,315.7300109863281,315.7300109863281,6227800
2018-02-13,315.0199890136719,324.19000244140625,312.510009765625,323.6600036621094,323.6600036621094,4560200
2018-02-14,320.8399963378906,326.1700134277344,318.5199890136719,322.3099975585937,322.3099975585937,3950700
2018-02-15,324.5,334.1199951171875,322.3999938964844,334.07000732421875,334.07000732421875,5912900
2018-02-16,332.5,343.1199951171875,331.6400146484375,335.489990234375,335.489990234375,5642600
2018-02-20,334.4700012207031,340.8399963378906,331.5,334.7699890136719,334.7699890136719,4009400
2018-02-21,336.0299987792969,339.69000244140625,333.1700134277344,333.29998779296875,333.29998779296875,3219600
2018-02-22,335.5299987792969,347.44000244140625,334.75,346.1700134277344,346.1700134277344,6969800
2018-02-23,347.8299865722656,354.989990234375,347.1000061035156,352.04998779296875,352.04998779296875,5817400
2018-02-26,353.5,359.0,352.3599853515625,357.4200134277344,357.4200134277344,4340000
2018-02-27,356.25,359.989990234375,350.010009765625,350.989990234375,350.989990234375,4797400
2018-02-28,352.57000732421875,355.239990234375,342.2200012207031,343.0599975585937,343.0599975585937,6069700
2018-03-01,345.010009765625,348.6700134277344,330.07000732421875,330.92999267578125,330.92999267578125,6885600
2018-03-02,326.9800109863281,335.2200012207031,322.9700012207031,335.1199951171875,335.1199951171875,5092800
2018-03-05,332.3900146484375,337.75,329.2900085449219,333.3500061035156,333.3500061035156,3823800
2018-03-06,333.75,336.3699951171875,327.0299987792969,328.20001220703125,328.20001220703125,4285700
2018-03-07,325.44000244140625,332.5,321.739990234375,332.29998779296875,332.29998779296875,5007300
2018-03-08,332.8599853515625,333.29998779296875,326.2699890136719,329.1000061035156,329.1000061035156,3566200
2018-03-09,324.1000061035156,328.489990234375,322.3699951171875,327.1700134277344,327.1700134277344,5506800
2018-03-12,328.6099853515625,347.2099914550781,326.5,345.510009765625,345.510009765625,8264000
2018-03-13,328.6099853515625,347.2099914550781,326.5,341.8399963378906,341.8399963378906,5965800
2018-03-14,336.760009765625,339.8099975585937,323.92999267578125,326.6300048828125,326.6300048828125,7967400
2018-03-15,329.3800048828125,332.8500061035156,321.1000061035156,325.6000061035156,325.6000061035156,6564800
2018-03-16,322.92999267578125,327.3999938964844,319.07000732421875,321.3500061035156,321.3500061035156,6117300
2018-03-19,316.5,320.75,309.6700134277344,313.5599975585937,313.5599975585937,7484300
2018-03-20,314.8699951171875,316.25,308.760009765625,310.54998779296875,310.54998779296875,4764300
2018-03-21,310.25,322.44000244140625,310.19000244140625,316.5299987792969,316.5299987792969,5958400
2018-03-22,313.8900146484375,318.82000732421875,308.17999267578125,309.1000061035156,309.1000061035156,4939800
2018-03-23,311.25,311.25,300.45001220703125,301.5400085449219,301.5400085449219,6654900
2018-03-26,307.3399963378906,307.5899963378906,291.3599853515625,304.17999267578125,304.17999267578125,8375200
2018-03-27,304.0,304.2699890136719,277.17999267578125,279.17999267578125,279.17999267578125,13872000
2018-03-28,264.5799865722656,268.67999267578125,252.1000061035156,257.7799987792969,257.7799987792969,21001400
2018-03-29,256.489990234375,270.9599914550781,248.2100067138672,266.1300048828125,266.1300048828125,15170700
2018-04-02,256.260009765625,260.3299865722656,244.58999633789065,252.47999572753903,252.47999572753903,16114000
2018-04-03,269.82000732421875,273.3500061035156,254.4900054931641,267.5299987792969,267.5299987792969,18844400
2018-04-04,252.77999877929688,288.3699951171875,252.0,286.94000244140625,286.94000244140625,19896700
2018-04-05,289.3399963378906,306.260009765625,288.20001220703125,305.7200012207031,305.7200012207031,19121100
2018-04-06,301.0,309.2799987792969,295.5,299.29998779296875,299.29998779296875,13520300
2018-04-09,300.3699951171875,309.5,289.2099914550781,289.6600036621094,289.6600036621094,10249800
2018-04-10,298.9700012207031,307.1000061035156,293.67999267578125,304.70001220703125,304.70001220703125,10989800
2018-04-11,300.739990234375,308.9800109863281,299.6600036621094,300.92999267578125,300.92999267578125,7482900
2018-04-12,302.32000732421875,303.95001220703125,293.67999267578125,294.0799865722656,294.0799865722656,7608800
2018-04-13,303.6000061035156,303.95001220703125,295.9800109863281,300.3399963378906,300.3399963378906,7327200
2018-04-16,299.0,299.6600036621094,289.010009765625,291.2099914550781,291.2099914550781,6338500
2018-04-17,288.8699951171875,292.1700134277344,282.510009765625,287.69000244140625,287.69000244140625,7000000
2018-04-18,291.0799865722656,300.239990234375,288.1600036621094,293.3500061035156,293.3500061035156,6557700
2018-04-19,291.0799865722656,301.010009765625,288.54998779296875,300.0799865722656,300.0799865722656,6090600
2018-04-20,295.1700134277344,299.9800109863281,289.75,290.239990234375,290.239990234375,5627900
2018-04-23,291.2900085449219,291.6199951171875,282.3299865722656,283.3699951171875,283.3699951171875,4893400
2018-04-24,285.0,287.0899963378906,278.4599914550781,283.4599914550781,283.4599914550781,5685300
2018-04-25,283.5,285.1600036621094,277.25,280.69000244140625,280.69000244140625,4013600
2018-04-26,278.75,285.7900085449219,276.5,285.4800109863281,285.4800109863281,4356000
2018-04-27,285.3699951171875,294.4700012207031,283.8299865722656,294.0799865722656,294.0799865722656,4364600
2018-04-30,293.6099853515625,298.7300109863281,292.5,293.8999938964844,293.8999938964844,4228200
2018-05-01,293.510009765625,300.82000732421875,293.2200012207031,299.9200134277344,299.9200134277344,4625600
2018-05-02,298.57000732421875,306.8500061035156,297.7799987792969,301.1499938964844,301.1499938964844,8970400
2018-05-03,278.7900085449219,288.0400085449219,275.2300109863281,284.45001220703125,284.45001220703125,17352100
2018-05-04,283.0,296.8599853515625,279.5199890136719,294.0899963378906,294.0899963378906,8569400
2018-05-07,297.5,305.9599914550781,295.1700134277344,302.7699890136719,302.7699890136719,8678200
2018-05-08,300.79998779296875,307.75,299.0,301.9700012207031,301.9700012207031,5930000
2018-05-09,300.4100036621094,307.010009765625,300.04998779296875,306.8500061035156,306.8500061035156,5727400
2018-05-10,307.5,312.989990234375,304.1099853515625,305.0199890136719,305.0199890136719,5651600
2018-05-11,307.70001220703125,308.8800048828125,299.0799865722656,301.0599975585937,301.0599975585937,4679600
2018-05-14,303.32000732421875,304.94000244140625,291.6199951171875,291.9700012207031,291.9700012207031,7286800
2018-05-15,285.010009765625,286.9599914550781,280.5,284.17999267578125,284.17999267578125,9519200
2018-05-16,283.8299865722656,288.8099975585937,281.5599975585937,286.4800109863281,286.4800109863281,5674000
2018-05-17,285.8999938964844,289.19000244140625,283.9700012207031,284.5400085449219,284.5400085449219,4420600
2018-05-18,284.6499938964844,284.6499938964844,274.0,276.82000732421875,276.82000732421875,7251900
2018-05-21,281.3299865722656,291.489990234375,281.29998779296875,284.489990234375,284.489990234375,9182600
2018-05-22,287.760009765625,288.0,273.4200134277344,275.010009765625,275.010009765625,8945800
2018-05-23,277.760009765625,279.9100036621094,274.0,279.07000732421875,279.07000732421875,5985100
2018-05-24,278.3999938964844,281.1099853515625,274.8900146484375,277.8500061035156,277.8500061035156,4176700
2018-05-25,277.6300048828125,279.6400146484375,275.6099853515625,278.8500061035156,278.8500061035156,3875100
2018-05-29,278.510009765625,286.5,276.1499938964844,283.760009765625,283.760009765625,5666600
2018-05-30,283.2900085449219,295.010009765625,281.6000061035156,291.7200012207031,291.7200012207031,7489700
2018-05-31,287.2099914550781,290.3699951171875,282.92999267578125,284.7300109863281,284.7300109863281,5919700
2018-06-01,285.8599853515625,291.95001220703125,283.8399963378906,291.82000732421875,291.82000732421875,5424400
2018-06-04,294.3399963378906,299.0,293.54998779296875,296.739990234375,296.739990234375,4797800
2018-06-05,297.70001220703125,297.79998779296875,286.739990234375,291.1300048828125,291.1300048828125,5995200
2018-06-06,300.5,322.1700134277344,297.4800109863281,319.5,319.5,18767300
2018-06-07,316.1499938964844,330.0,313.5799865722656,316.0899963378906,316.0899963378906,14345300
2018-06-08,319.0,324.4800109863281,317.1499938964844,317.6600036621094,317.6600036621094,8205200
2018-06-11,322.510009765625,334.6600036621094,322.5,332.1000061035156,332.1000061035156,13183500
2018-06-12,344.70001220703125,354.9700012207031,338.0,342.7699890136719,342.7699890136719,22347400
2018-06-13,346.7099914550781,347.20001220703125,339.79998779296875,344.7799987792969,344.7799987792969,9469800
2018-06-14,347.6300048828125,358.75,346.6000061035156,357.7200012207031,357.7200012207031,10981000
2018-06-15,353.8399963378906,364.6700134277344,351.25,358.1700134277344,358.1700134277344,10848300
2018-06-18,355.3999938964844,373.7300109863281,354.5,370.8299865722656,370.8299865722656,12073200
2018-06-19,365.1600036621094,370.0,346.25,352.54998779296875,352.54998779296875,12761900
2018-06-20,358.0400085449219,364.3800048828125,352.0,362.2200012207031,362.2200012207031,8383700
2018-06-21,362.0,366.2099914550781,346.2699890136719,347.510009765625,347.510009765625,7967100
2018-06-22,351.5400085449219,352.25,332.0,333.6300048828125,333.6300048828125,10266100
2018-06-25,330.1199951171875,338.4700012207031,327.5,333.010009765625,333.010009765625,6931300
2018-06-26,336.04998779296875,343.54998779296875,325.79998779296875,342.0,342.0,7452500
2018-06-27,345.0,350.7900085449219,339.5,344.5,344.5,8333700
2018-06-28,348.6600036621094,357.0199890136719,346.1099853515625,349.92999267578125,349.92999267578125,8398000
2018-06-29,353.3299865722656,353.8599853515625,342.4100036621094,342.95001220703125,342.95001220703125,6492400
2018-07-02,360.07000732421875,364.7799987792969,329.8500061035156,335.07000732421875,335.07000732421875,18759800
2018-07-03,331.75,332.489990234375,309.69000244140625,310.8599853515625,310.8599853515625,12282600
2018-07-05,313.760009765625,314.3900146484375,296.2200012207031,309.1600036621094,309.1600036621094,17476400
2018-07-06,304.95001220703125,312.07000732421875,302.0,308.8999938964844,308.8999938964844,8865500
2018-07-09,311.989990234375,318.5199890136719,308.0,318.510009765625,318.510009765625,7596800
2018-07-10,324.5599975585937,327.67999267578125,319.20001220703125,322.4700012207031,322.4700012207031,9471500
2018-07-11,315.79998779296875,321.94000244140625,315.07000732421875,318.9599914550781,318.9599914550781,4884100
2018-07-12,321.42999267578125,323.2300109863281,312.7699890136719,316.7099914550781,316.7099914550781,5721200
2018-07-13,315.5799865722656,319.5799865722656,309.25,318.8699951171875,318.8699951171875,5869800
2018-07-16,311.7099914550781,315.1600036621094,306.25,310.1000061035156,310.1000061035156,7818700
2018-07-17,308.8099975585937,324.739990234375,308.5,322.69000244140625,322.69000244140625,6996200
2018-07-18,325.0,325.5,316.25,323.8500061035156,323.8500061035156,5624200
2018-07-19,316.3299865722656,323.5400085449219,314.010009765625,320.2300109863281,320.2300109863281,5915300
2018-07-20,321.2300109863281,323.239990234375,311.7099914550781,313.5799865722656,313.5799865722656,5162200
2018-07-23,301.8399963378906,305.5,292.8599853515625,303.20001220703125,303.20001220703125,10992900
2018-07-24,304.4200134277344,307.7200012207031,292.54998779296875,297.42999267578125,297.42999267578125,9590800
2018-07-25,296.739990234375,309.6199951171875,294.5,308.739990234375,308.739990234375,7075400
2018-07-26,304.8500061035156,310.70001220703125,303.6400146484375,306.6499938964844,306.6499938964844,4630500
2018-07-27,307.25,307.69000244140625,295.3399963378906,297.17999267578125,297.17999267578125,5703300
2018-07-30,295.8999938964844,296.1000061035156,286.1300048828125,290.1700134277344,290.1700134277344,6814100
2018-07-31,292.25,298.32000732421875,289.07000732421875,298.1400146484375,298.1400146484375,5076900
2018-08-01,297.989990234375,303.0,293.0,300.8399963378906,300.8399963378906,10129400
2018-08-02,328.44000244140625,349.989990234375,323.1600036621094,349.5400085449219,349.5400085449219,23215000
2018-08-03,347.8099975585937,355.0,342.5299987792969,348.1700134277344,348.1700134277344,13656500
2018-08-06,345.4599914550781,354.9800109863281,341.82000732421875,341.989990234375,341.989990234375,8564300
2018-08-07,343.8399963378906,387.4599914550781,339.1499938964844,379.5700073242188,379.5700073242188,30875800
2018-08-08,369.0899963378906,382.6400146484375,367.1199951171875,370.3399963378906,370.3399963378906,24571200
2018-08-09,365.5499877929688,367.010009765625,345.7300109863281,352.45001220703125,352.45001220703125,17183800
2018-08-10,354.0,360.0,346.0,355.489990234375,355.489990234375,11552000
2018-08-13,361.1300048828125,363.1900024414063,349.0199890136719,356.4100036621094,356.4100036621094,10463900
2018-08-14,358.45001220703125,359.20001220703125,347.1000061035156,347.6400146484375,347.6400146484375,6986400
2018-08-15,341.9100036621094,344.489990234375,332.1400146484375,338.69000244140625,338.69000244140625,9101300
2018-08-16,339.9100036621094,342.2799987792969,333.82000732421875,335.45001220703125,335.45001220703125,6064000
2018-08-17,323.5,326.7699890136719,303.5299987792969,305.5,305.5,18958600
2018-08-20,291.70001220703125,308.5,288.20001220703125,308.44000244140625,308.44000244140625,17402300
2018-08-21,310.6099853515625,324.7900085449219,309.0,321.8999938964844,321.8999938964844,13172200
2018-08-22,320.8699951171875,323.8800048828125,314.6700134277344,321.6400146484375,321.6400146484375,5946000
2018-08-23,319.1400146484375,327.32000732421875,318.1000061035156,320.1000061035156,320.1000061035156,5147300
2018-08-24,320.70001220703125,323.8500061035156,319.3999938964844,322.82000732421875,322.82000732421875,3602600
2018-08-27,318.0,322.44000244140625,308.8099975585937,319.2699890136719,319.2699890136719,13079300
2018-08-28,318.4100036621094,318.8800048828125,311.19000244140625,311.8599853515625,311.8599853515625,7649100
2018-08-29,310.2699890136719,311.8500061035156,303.69000244140625,305.010009765625,305.010009765625,7447400
2018-08-30,302.260009765625,304.6000061035156,297.7200012207031,303.1499938964844,303.1499938964844,7216700
2018-08-31,302.0,305.3099975585937,298.6000061035156,301.6600036621094,301.6600036621094,5375100
2018-09-04,296.94000244140625,298.19000244140625,288.0,288.95001220703125,288.95001220703125,8350500
2018-09-05,285.04998779296875,286.7799987792969,277.17999267578125,280.739990234375,280.739990234375,7720800
2018-09-06,284.79998779296875,291.1700134277344,278.8800048828125,280.95001220703125,280.95001220703125,7480800
2018-09-07,260.1000061035156,268.3500061035156,252.25,263.239990234375,263.239990234375,22491900
2018-09-10,273.260009765625,286.0299987792969,271.0,285.5,285.5,14283500
2018-09-11,279.4700012207031,282.0,273.54998779296875,279.44000244140625,279.44000244140625,9170000
2018-09-12,281.44000244140625,292.5,278.6499938964844,290.5400085449219,290.5400085449219,10015400
2018-09-13,288.0199890136719,295.0,285.17999267578125,289.4599914550781,289.4599914550781,6340300
2018-09-14,288.760009765625,297.3299865722656,286.5199890136719,295.20001220703125,295.20001220703125,6765600
2018-09-17,290.0400085449219,300.8699951171875,288.1300048828125,294.8399963378906,294.8399963378906,6887600
2018-09-18,296.69000244140625,302.6400146484375,275.5,284.9599914550781,284.9599914550781,16547500
2018-09-19,280.510009765625,300.0,280.5,299.0199890136719,299.0199890136719,8294900
2018-09-20,303.5599975585937,305.9800109863281,293.3299865722656,298.3299865722656,298.3299865722656,7349400
2018-09-21,297.70001220703125,300.5799865722656,295.3699951171875,299.1000061035156,299.1000061035156,5050500
2018-09-24,298.4800109863281,303.0,293.5799865722656,299.67999267578125,299.67999267578125,4843000
2018-09-25,300.0,304.6000061035156,296.5,300.989990234375,300.989990234375,4481700
2018-09-26,301.9100036621094,313.8900146484375,301.1099853515625,309.5799865722656,309.5799865722656,7843200
2018-09-27,312.8999938964844,314.9599914550781,306.9100036621094,307.5199890136719,307.5199890136719,8509100
2018-09-28,270.260009765625,278.0,260.5599975585937,264.7699890136719,264.7699890136719,33649700
2018-10-01,305.7699890136719,311.44000244140625,301.04998779296875,310.70001220703125,310.70001220703125,21777600
2018-10-02,313.95001220703125,316.8399963378906,299.1499938964844,301.0199890136719,301.0199890136719,11743500
2018-10-03,303.3299865722656,304.6000061035156,291.57000732421875,294.79998779296875,294.79998779296875,7995000
2018-10-04,293.95001220703125,294.0,277.6700134277344,281.8299865722656,281.8299865722656,9814200
2018-10-05,274.6499938964844,274.8800048828125,260.0,261.95001220703125,261.95001220703125,17944500
2018-10-08,264.5199890136719,267.760009765625,249.0,250.55999755859372,250.55999755859372,13472700
2018-10-09,255.25,266.7699890136719,253.3000030517578,262.79998779296875,262.79998779296875,12060600
2018-10-10,264.6099853515625,265.510009765625,247.7700042724609,256.8800048828125,256.8800048828125,12815300
2018-10-11,257.5299987792969,262.25,249.02999877929688,252.22999572753903,252.22999572753903,8167700
2018-10-12,261.0,261.989990234375,252.00999450683597,258.7799987792969,258.7799987792969,7201400
2018-10-15,259.0599975585937,263.2799987792969,254.5399932861328,259.5899963378906,259.5899963378906,6200000
2018-10-16,265.70001220703125,277.3800048828125,262.239990234375,276.5899963378906,276.5899963378906,9526400
2018-10-17,282.3999938964844,282.70001220703125,265.79998779296875,271.7799987792969,271.7799987792969,8655500
2018-10-18,269.2900085449219,271.0,263.0,263.9100036621094,263.9100036621094,5421200
2018-10-19,267.3900146484375,269.6600036621094,253.5,260.0,260.0,9375500
2018-10-22,260.67999267578125,261.8599853515625,252.58999633789065,260.95001220703125,260.95001220703125,5600300
2018-10-23,263.8699951171875,297.92999267578125,262.1000061035156,294.1400146484375,294.1400146484375,19027800
2018-10-24,301.04998779296875,304.44000244140625,285.7300109863281,288.5,288.5,20058300
2018-10-25,317.2200012207031,321.0,301.010009765625,314.8599853515625,314.8599853515625,20840700
2018-10-26,308.25,339.8999938964844,306.6499938964844,330.8999938964844,330.8999938964844,27425500
2018-10-29,337.4700012207031,347.1600036621094,326.5,334.8500061035156,334.8500061035156,14486000
2018-10-30,328.3900146484375,337.8999938964844,322.260009765625,329.8999938964844,329.8999938964844,9126700
2018-10-31,332.5400085449219,342.0,329.1000061035156,337.32000732421875,337.32000732421875,7624300
2018-11-01,338.260009765625,347.8399963378906,334.7300109863281,344.2799987792969,344.2799987792969,8000100
2018-11-02,343.739990234375,349.20001220703125,340.9100036621094,346.4100036621094,346.4100036621094,7808000
2018-11-05,340.5,343.9599914550781,330.1400146484375,341.3999938964844,341.3999938964844,7831000
2018-11-06,339.07000732421875,348.79998779296875,336.0899963378906,341.0599975585937,341.0599975585937,6762900
2018-11-07,343.3399963378906,351.17999267578125,340.79998779296875,348.1600036621094,348.1600036621094,7374500
2018-11-08,348.5,357.5799865722656,348.44000244140625,351.3999938964844,351.3999938964844,7090700
2018-11-09,349.0,354.0,345.2300109863281,350.510009765625,350.510009765625,5098800
2018-11-12,348.3699951171875,349.7799987792969,330.3399963378906,331.2799987792969,331.2799987792969,6941500
2018-11-13,333.1600036621094,344.70001220703125,332.20001220703125,338.7300109863281,338.7300109863281,5448600
2018-11-14,342.70001220703125,347.1099853515625,337.1499938964844,344.0,344.0,5040300
2018-11-15,342.3299865722656,348.5799865722656,339.0400085449219,348.44000244140625,348.44000244140625,4625700
2018-11-16,345.19000244140625,355.70001220703125,345.1199951171875,354.3099975585937,354.3099975585937,7206200
2018-11-19,356.3399963378906,366.75,352.8800048828125,353.4700012207031,353.4700012207031,9708900
2018-11-20,341.75,349.79998779296875,333.54998779296875,347.489990234375,347.489990234375,8004700
2018-11-21,352.0,353.1000061035156,337.3999938964844,338.19000244140625,338.19000244140625,4686800
2018-11-23,334.3500061035156,337.5,325.54998779296875,325.8299865722656,325.8299865722656,4202600
2018-11-26,325.0,346.2200012207031,325.0,346.0,346.0,7992100
2018-11-27,340.04998779296875,346.9599914550781,335.5,343.9200134277344,343.9200134277344,6358300
2018-11-28,345.989990234375,348.2799987792969,342.2099914550781,347.8699951171875,347.8699951171875,4127600
2018-11-29,347.0,347.5,339.54998779296875,341.1700134277344,341.1700134277344,3080700
2018-11-30,341.8299865722656,351.6000061035156,338.260009765625,350.4800109863281,350.4800109863281,5629100
2018-12-03,360.0,366.0,352.0,358.489990234375,358.489990234375,8306500
2018-12-04,356.04998779296875,368.6799926757813,352.0,359.70001220703125,359.70001220703125,8461900
2018-12-06,356.010009765625,367.3800048828125,350.760009765625,363.05999755859375,363.05999755859375,7842500
2018-12-07,369.0,379.489990234375,357.6499938964844,357.9700012207031,357.9700012207031,11511200
2018-12-10,360.0,365.9800109863281,353.1199951171875,365.1499938964844,365.1499938964844,6613500
2018-12-11,369.9100036621094,372.1700134277344,360.2300109863281,366.760009765625,366.760009765625,6308800
2018-12-12,369.4200134277344,371.9100036621094,365.1600036621094,366.6000061035156,366.6000061035156,5027000
2018-12-13,370.1499938964844,377.4400024414063,366.75,376.7900085449219,376.7900085449219,7365900
2018-12-14,375.0,377.8699951171875,364.3299865722656,365.7099914550781,365.7099914550781,6337600
2018-12-17,362.0,365.7000122070313,343.8800048828125,348.4200134277344,348.4200134277344,7674000
2018-12-18,350.5400085449219,351.54998779296875,333.69000244140625,337.0299987792969,337.0299987792969,7100000
2018-12-19,337.6000061035156,347.010009765625,329.739990234375,332.9700012207031,332.9700012207031,8274200
2018-12-20,327.04998779296875,330.2900085449219,311.8699951171875,315.3800048828125,315.3800048828125,9071900
2018-12-21,317.3999938964844,323.4700012207031,312.44000244140625,319.7699890136719,319.7699890136719,8016800
2018-12-24,313.5,314.5,295.20001220703125,295.3900146484375,295.3900146484375,5559900
2018-12-26,300.0,326.9700012207031,294.0899963378906,326.0899963378906,326.0899963378906,8163100
2018-12-27,319.8399963378906,322.1700134277344,301.5,316.1300048828125,316.1300048828125,8575100
2018-12-28,323.1000061035156,336.239990234375,318.4100036621094,333.8699951171875,333.8699951171875,9939000
2018-12-31,337.7900085449219,339.2099914550781,325.260009765625,332.79998779296875,332.79998779296875,6302300
2019-01-02,306.1000061035156,315.1300048828125,298.79998779296875,310.1199951171875,310.1199951171875,11658600
2019-01-03,307.0,309.3999938964844,297.3800048828125,300.3599853515625,300.3599853515625,6965200
2019-01-04,306.0,318.0,302.7300109863281,317.69000244140625,317.69000244140625,7394100
2019-01-07,321.7200012207031,336.739990234375,317.75,334.9599914550781,334.9599914550781,7551200
2019-01-08,341.9599914550781,344.010009765625,327.0199890136719,335.3500061035156,335.3500061035156,7008500
2019-01-09,335.5,343.5,331.4700012207031,338.5299987792969,338.5299987792969,5432900
2019-01-10,334.3999938964844,345.3900146484375,331.7900085449219,344.9700012207031,344.9700012207031,6056400
2019-01-11,342.0899963378906,348.4100036621094,338.7699890136719,347.260009765625,347.260009765625,5039100
2019-01-14,342.3800048828125,342.5,334.0,334.3999938964844,334.3999938964844,5247300
2019-01-15,335.0,348.79998779296875,334.5,344.42999267578125,344.42999267578125,6056600
2019-01-16,344.7799987792969,352.0,343.5,346.04998779296875,346.04998779296875,4691700
2019-01-17,346.2099914550781,351.5,344.1499938964844,347.3099975585937,347.3099975585937,3676700
2019-01-18,323.0,327.1300048828125,299.7300109863281,302.260009765625,302.260009765625,24150800
2019-01-22,304.82000732421875,308.0,295.5,298.9200134277344,298.9200134277344,12066700
2019-01-23,292.5,294.5,281.69000244140625,287.5899963378906,287.5899963378906,12530000
2019-01-24,283.0299987792969,293.67999267578125,279.2799987792969,291.510009765625,291.510009765625,8012200
2019-01-25,294.3900146484375,298.5199890136719,289.54998779296875,297.0400085449219,297.0400085449219,7249600
2019-01-28,292.9100036621094,297.4599914550781,287.75,296.3800048828125,296.3800048828125,6423300
2019-01-29,295.2699890136719,298.5599975585937,291.79998779296875,297.4599914550781,297.4599914550781,4621700
2019-01-30,300.45001220703125,309.0,298.489990234375,308.7699890136719,308.7699890136719,11250300
2019-01-31,301.0,311.5599975585937,294.0,307.0199890136719,307.0199890136719,12569200
2019-02-01,305.4200134277344,316.1000061035156,303.5,312.2099914550781,312.2099914550781,7283400
2019-02-04,312.9800109863281,315.29998779296875,301.8800048828125,312.8900146484375,312.8900146484375,7352100
2019-02-05,312.489990234375,322.44000244140625,312.25,321.3500061035156,321.3500061035156,6742800
2019-02-06,319.5899963378906,324.239990234375,315.6199951171875,317.2200012207031,317.2200012207031,5038500
2019-02-07,313.29998779296875,314.70001220703125,303.0,307.510009765625,307.510009765625,6520600
2019-02-08,306.8299865722656,307.45001220703125,298.5,305.79998779296875,305.79998779296875,5844200
2019-02-11,311.6000061035156,318.6000061035156,310.5,312.8399963378906,312.8399963378906,7129700
2019-02-12,316.20001220703125,318.19000244140625,309.6199951171875,311.8099975585937,311.8099975585937,5517600
2019-02-13,312.3500061035156,312.75,305.57000732421875,308.1700134277344,308.1700134277344,5141600
2019-02-14,303.3800048828125,306.7699890136719,301.0,303.7699890136719,303.7699890136719,5200800
2019-02-15,304.5,308.0,303.8999938964844,307.8800048828125,307.8800048828125,3904900
2019-02-19,306.5599975585937,311.5400085449219,305.4700012207031,305.6400146484375,305.6400146484375,4168400
2019-02-20,304.4100036621094,306.29998779296875,299.0,302.5599975585937,302.5599975585937,7142100
2019-02-21,301.8099975585937,303.239990234375,290.5,291.2300109863281,291.2300109863281,8909200
2019-02-22,294.489990234375,296.5,292.1000061035156,294.7099914550781,294.7099914550781,5740600
2019-02-25,297.9100036621094,302.8999938964844,297.0,298.7699890136719,298.7699890136719,6626500
2019-02-26,292.2200012207031,302.010009765625,288.7699890136719,297.8599853515625,297.8599853515625,8582500
2019-02-27,301.7799987792969,316.29998779296875,300.54998779296875,314.739990234375,314.739990234375,11183900
2019-02-28,318.9200134277344,320.0,310.8099975585937,319.8800048828125,319.8800048828125,10520700
2019-03-01,306.94000244140625,307.1300048828125,291.8999938964844,294.7900085449219,294.7900085449219,22911400
2019-03-04,298.1199951171875,299.0,282.7799987792969,285.3599853515625,285.3599853515625,17096800
2019-03-05,282.0,284.0,270.1000061035156,276.5400085449219,276.5400085449219,18764700
2019-03-06,276.4800109863281,281.510009765625,274.3900146484375,276.239990234375,276.239990234375,10335500
2019-03-07,278.8399963378906,284.70001220703125,274.25,276.5899963378906,276.5899963378906,9442500
2019-03-08,276.9100036621094,285.5899963378906,275.8900146484375,284.1400146484375,284.1400146484375,8819600
2019-03-11,283.5199890136719,291.2799987792969,280.5,290.9200134277344,290.9200134277344,7392300
2019-03-12,286.489990234375,288.07000732421875,281.0599975585937,283.3599853515625,283.3599853515625,7504100
2019-03-13,283.8999938964844,291.989990234375,282.70001220703125,288.9599914550781,288.9599914550781,6844700
2019-03-14,292.45001220703125,295.3900146484375,288.2900085449219,289.9599914550781,289.9599914550781,7103400
2019-03-15,283.510009765625,283.7200012207031,274.3999938964844,275.42999267578125,275.42999267578125,14785500
2019-03-18,276.0,278.04998779296875,267.29998779296875,269.489990234375,269.489990234375,10281000
2019-03-19,267.5,273.29998779296875,263.4599914550781,267.4700012207031,267.4700012207031,11800600
2019-03-20,269.69000244140625,274.9700012207031,266.29998779296875,273.6000061035156,273.6000061035156,6908200
2019-03-21,272.6000061035156,276.45001220703125,268.45001220703125,274.0199890136719,274.0199890136719,5947100
2019-03-22,272.5799865722656,272.79998779296875,264.0,264.5299987792969,264.5299987792969,8745600
2019-03-25,259.7099914550781,263.17999267578125,254.4600067138672,260.4200134277344,260.4200134277344,10215000
2019-03-26,264.44000244140625,270.260009765625,264.42999267578125,267.7699890136719,267.7699890136719,7350900
2019-03-27,268.75,275.3699951171875,268.17999267578125,274.8299865722656,274.8299865722656,8779200
2019-03-28,277.1600036621094,280.3299865722656,275.1000061035156,278.6199951171875,278.6199951171875,6774100
2019-03-29,278.70001220703125,280.1600036621094,274.5,279.8599853515625,279.8599853515625,5991300
2019-04-01,282.6199951171875,289.20001220703125,281.2799987792969,289.17999267578125,289.17999267578125,8110400
2019-04-02,288.29998779296875,289.44000244140625,283.8800048828125,285.8800048828125,285.8800048828125,5478900
2019-04-03,287.32000732421875,296.1700134277344,287.1700134277344,291.8099975585937,291.8099975585937,7929900
2019-04-04,261.8900146484375,271.20001220703125,260.5899963378906,267.7799987792969,267.7799987792969,23720700
2019-04-05,269.8599853515625,276.1000061035156,266.1099853515625,274.9599914550781,274.9599914550781,13038300
2019-04-08,277.69000244140625,281.1600036621094,270.44000244140625,273.20001220703125,273.20001220703125,10410400
2019-04-09,271.6499938964844,275.0,269.6099853515625,272.3099975585937,272.3099975585937,5904000
2019-04-10,276.739990234375,278.3800048828125,272.8900146484375,276.0599975585937,276.0599975585937,7061300
2019-04-11,268.29998779296875,270.5,265.6000061035156,268.4200134277344,268.4200134277344,9835900
2019-04-12,270.2200012207031,271.95001220703125,266.8299865722656,267.70001220703125,267.70001220703125,6746000
2019-04-15,268.6300048828125,268.8800048828125,258.6300048828125,266.3800048828125,266.3800048828125,10038600
2019-04-16,265.75,275.0,264.7200012207031,273.3599853515625,273.3599853515625,7272900
2019-04-17,274.75,274.7900085449219,268.5400085449219,271.2300109863281,271.2300109863281,5126500
2019-04-18,271.2300109863281,274.8399963378906,269.75,273.260009765625,273.260009765625,5876300
2019-04-22,269.0,269.67999267578125,262.4800109863281,262.75,262.75,12147100
2019-04-23,260.1499938964844,265.6000061035156,255.75,263.8999938964844,263.8999938964844,10943900
2019-04-24,263.8500061035156,265.32000732421875,258.0,258.6600036621094,258.6600036621094,10727500
2019-04-25,255.0,259.0,246.07000732421875,247.6300048828125,247.6300048828125,21849400
2019-04-26,246.5,246.67999267578125,231.1300048828125,235.13999938964844,235.13999938964844,22360700
2019-04-29,235.8600006103516,243.97999572753903,232.1699981689453,241.47000122070312,241.47000122070312,16714500
2019-04-30,242.05999755859372,244.2100067138672,237.0,238.69000244140625,238.69000244140625,9464600
2019-05-01,238.8500061035156,240.0,231.5,234.00999450683597,234.00999450683597,10704400
2019-05-02,245.5200042724609,247.1300048828125,237.72000122070312,244.1000061035156,244.1000061035156,18159300
2019-05-03,243.8600006103516,256.6099853515625,243.4900054931641,255.02999877929688,255.02999877929688,23706800
2019-05-06,250.0200042724609,258.3500061035156,248.5,255.33999633789065,255.33999633789065,10833900
2019-05-07,256.79998779296875,257.2099914550781,245.1000061035156,247.05999755859372,247.05999755859372,10131400
2019-05-08,246.94000244140625,250.6000061035156,244.1999969482422,244.83999633789065,244.83999633789065,6176400
2019-05-09,242.0,243.67999267578125,236.94000244140625,241.97999572753903,241.97999572753903,6711400
2019-05-10,239.75,241.9900054931641,236.0200042724609,239.5200042724609,239.5200042724609,7008300
2019-05-13,232.00999450683597,232.47000122070312,224.5,227.00999450683597,227.00999450683597,10834800
2019-05-14,229.3000030517578,234.5,228.0,232.30999755859372,232.30999755859372,7252400
2019-05-15,229.32000732421875,232.44000244140625,225.25,231.9499969482422,231.9499969482422,7296000
2019-05-16,229.4900054931641,231.0,226.5,228.3300018310547,228.3300018310547,7483300
2019-05-17,221.9600067138672,222.2400054931641,208.9199981689453,211.02999877929688,211.02999877929688,17786700
2019-05-20,202.8000030517578,206.0,195.25,205.3600006103516,205.3600006103516,20526200
2019-05-21,197.75999450683597,207.3999938964844,196.0399932861328,205.0800018310547,205.0800018310547,18003900
2019-05-22,199.1000061035156,203.94000244140625,191.77999877929688,192.72999572753903,192.72999572753903,18685200
2019-05-23,194.33999633789065,199.47000122070312,186.22000122070312,195.4900054931641,195.4900054931641,26547100
2019-05-24,199.8300018310547,199.97999572753903,188.75,190.6300048828125,190.6300048828125,14136600
2019-05-28,191.1999969482422,195.0,187.8500061035156,188.6999969482422,188.6999969482422,10312900
2019-05-29,187.1000061035156,192.38999938964844,185.0399932861328,189.8600006103516,189.8600006103516,11968600
2019-05-30,188.75,192.25999450683597,187.0200042724609,188.22000122070312,188.22000122070312,7926500
2019-05-31,185.1000061035156,189.9199981689453,184.1000061035156,185.16000366210935,185.16000366210935,10406700
2019-06-03,185.50999450683597,186.67999267578125,176.99000549316406,178.97000122070312,178.97000122070312,13064400
2019-06-04,181.1000061035156,193.97999572753903,179.61000061035156,193.6000061035156,193.6000061035156,13807500
2019-06-05,198.67999267578125,201.27999877929688,191.8500061035156,196.58999633789065,196.58999633789065,13510800
2019-06-06,204.44000244140625,211.0,201.8000030517578,205.9499969482422,205.9499969482422,20242200
2019-06-07,205.0,210.83999633789065,203.5,204.5,204.5,16003500
2019-06-10,210.25,216.94000244140625,209.00999450683597,212.8800048828125,212.8800048828125,10585000
2019-06-11,219.13999938964844,220.8999938964844,213.5,217.1000061035156,217.1000061035156,11653500
2019-06-12,222.9499969482422,223.3800048828125,209.0,209.25999450683597,209.25999450683597,15186200
2019-06-13,210.3800048828125,214.8999938964844,207.50999450683597,213.91000366210935,213.91000366210935,8168300
2019-06-14,211.25,216.6499938964844,210.3999938964844,214.9199981689453,214.9199981689453,7433400
2019-06-17,215.47999572753903,227.0,214.2700042724609,225.02999877929688,225.02999877929688,12316800
2019-06-18,228.72000122070312,234.7400054931641,222.55999755859372,224.7400054931641,224.7400054931641,12715800
2019-06-19,225.1100006103516,227.7700042724609,221.05999755859372,226.42999267578125,226.42999267578125,6575100
2019-06-20,223.0,226.8999938964844,216.3500061035156,219.6199951171875,219.6199951171875,11863500
2019-06-21,216.22000122070312,222.17999267578125,215.5,221.8600006103516,221.8600006103516,8202100
2019-06-24,223.2400054931641,225.8600006103516,221.0200042724609,223.63999938964844,223.63999938964844,5750800
2019-06-25,224.38999938964844,225.33999633789065,219.4900054931641,219.75999450683597,219.75999450683597,6182100
2019-06-26,220.30999755859372,227.22999572753903,218.1000061035156,219.2700042724609,219.2700042724609,8507200
2019-06-27,219.4499969482422,222.8999938964844,217.3500061035156,222.83999633789065,222.83999633789065,6339700
2019-06-28,220.9900054931641,225.1699981689453,220.8000030517578,223.4600067138672,223.4600067138672,6851400
2019-07-01,230.2100067138672,233.1000061035156,226.27999877929688,227.1699981689453,227.1699981689453,8238000
2019-07-02,228.88999938964844,229.1499938964844,222.22000122070312,224.5500030517578,224.5500030517578,9259000
2019-07-03,239.38999938964844,241.57000732421875,234.50999450683597,234.8999938964844,234.8999938964844,14201100
2019-07-05,234.57000732421875,235.4499969482422,230.8000030517578,233.1000061035156,233.1000061035156,7065700
2019-07-08,231.2400054931641,232.25,228.66000366210935,230.33999633789065,230.33999633789065,5880500
2019-07-09,228.97000122070312,231.0,227.27999877929688,230.05999755859372,230.05999755859372,6190800
2019-07-10,234.1499938964844,238.94000244140625,233.13999938964844,238.9199981689453,238.9199981689453,9145700
2019-07-11,238.13999938964844,241.5,235.8000030517578,238.6000061035156,238.6000061035156,7514400
2019-07-12,239.75,245.3800048828125,239.7100067138672,245.0800018310547,245.0800018310547,9200500
2019-07-15,248.0,254.4199981689453,244.8600006103516,253.5,253.5,11000100
2019-07-16,249.3000030517578,253.52999877929688,247.92999267578125,252.3800048828125,252.3800048828125,8149000
2019-07-17,255.6699981689453,258.3099975585937,253.3500061035156,254.8600006103516,254.8600006103516,9764700
2019-07-18,255.0500030517578,255.75,251.88999938964844,253.5399932861328,253.5399932861328,4764500
2019-07-19,255.69000244140625,259.9599914550781,254.6199951171875,258.17999267578125,258.17999267578125,7048400
2019-07-22,258.75,262.1499938964844,254.19000244140625,255.67999267578125,255.67999267578125,6842400
2019-07-23,256.7099914550781,260.4800109863281,254.5,260.1700134277344,260.1700134277344,5023100
2019-07-24,259.1700134277344,266.07000732421875,258.1600036621094,264.8800048828125,264.8800048828125,11072800
2019-07-25,233.5,234.5,225.5500030517578,228.82000732421875,228.82000732421875,22418300
2019-07-26,226.9199981689453,230.25999450683597,222.25,228.0399932861328,228.0399932861328,10027700
2019-07-29,227.08999633789065,235.94000244140625,226.02999877929688,235.7700042724609,235.7700042724609,9273300
2019-07-30,232.8999938964844,243.3600006103516,232.17999267578125,242.25999450683597,242.25999450683597,8109000
2019-07-31,243.0,246.67999267578125,236.6499938964844,241.6100006103516,241.6100006103516,9178200
2019-08-01,242.6499938964844,244.50999450683597,231.7700042724609,233.8500061035156,233.8500061035156,8259500
2019-08-02,231.3500061035156,236.2700042724609,229.22999572753903,234.33999633789065,234.33999633789065,6136500
2019-08-05,229.6000061035156,231.3699951171875,225.77999877929688,228.32000732421875,228.32000732421875,7028300
2019-08-06,231.8800048828125,232.5,225.75,230.75,230.75,5564200
2019-08-07,226.5,233.57000732421875,225.8000030517578,233.4199981689453,233.4199981689453,4776500
2019-08-08,234.4499969482422,239.8000030517578,232.6499938964844,238.3000030517578,238.3000030517578,5274300
2019-08-09,236.0500030517578,238.9600067138672,233.80999755859372,235.00999450683597,235.00999450683597,3898200
2019-08-12,232.9900054931641,235.7700042724609,228.75,229.00999450683597,229.00999450683597,4663900
2019-08-13,228.80999755859372,236.0,227.5500030517578,235.0,235.0,4848100
2019-08-14,231.2100067138672,231.5,216.69000244140625,219.6199951171875,219.6199951171875,9562600
2019-08-15,220.8600006103516,221.55999755859372,211.5500030517578,215.63999938964844,215.63999938964844,8159600
2019-08-16,216.66000366210935,222.2400054931641,216.0200042724609,219.94000244140625,219.94000244140625,5098500
2019-08-19,224.2100067138672,227.8300018310547,221.6999969482422,226.8300018310547,226.8300018310547,5309600
2019-08-20,227.6199951171875,229.08999633789065,224.5399932861328,225.8600006103516,225.8600006103516,4125200
2019-08-21,222.00999450683597,223.22000122070312,217.6000061035156,220.8300018310547,220.8300018310547,7794300
2019-08-22,222.8000030517578,225.3999938964844,218.22000122070312,222.1499938964844,222.1499938964844,6559000
2019-08-23,219.97000122070312,221.1699981689453,211.0,211.3999938964844,211.3999938964844,8538600
2019-08-26,213.6000061035156,215.0200042724609,211.5399932861328,215.0,215.0,5051900
2019-08-27,215.7400054931641,218.8000030517578,212.02999877929688,214.0800018310547,214.0800018310547,5416200
2019-08-28,213.69000244140625,217.25,212.30999755859372,215.58999633789065,215.58999633789065,3225500
2019-08-29,219.0,223.3999938964844,218.0,221.7100067138672,221.7100067138672,5179500
2019-08-30,229.1499938964844,232.44000244140625,224.2100067138672,225.6100006103516,225.6100006103516,9320600
2019-09-03,224.0800018310547,228.9499969482422,223.16000366210935,225.00999450683597,225.00999450683597,5354100
2019-09-04,226.88999938964844,228.4600067138672,219.2100067138672,220.67999267578125,220.67999267578125,5761000
2019-09-05,222.5,229.8000030517578,220.8500061035156,229.5800018310547,229.5800018310547,7395300
2019-09-06,227.1999969482422,229.63999938964844,225.1699981689453,227.4499969482422,227.4499969482422,4189400
2019-09-09,230.0,233.75999450683597,229.22999572753903,231.7899932861328,231.7899932861328,4802700
2019-09-10,230.8000030517578,235.5399932861328,228.94000244140625,235.5399932861328,235.5399932861328,4883700
2019-09-11,237.3800048828125,248.1699981689453,236.0,247.1000061035156,247.1000061035156,10042800
2019-09-12,247.6999969482422,253.5,244.3999938964844,245.8699951171875,245.8699951171875,8581200
2019-09-13,246.9600067138672,248.4499969482422,244.8699951171875,245.1999969482422,245.1999969482422,5313100
2019-09-16,246.0,247.42999267578125,241.1699981689453,242.80999755859372,242.80999755859372,4728100
2019-09-17,242.47000122070312,245.6000061035156,240.3699951171875,244.7899932861328,244.7899932861328,3865400
2019-09-18,245.0,248.1699981689453,242.3699951171875,243.4900054931641,243.4900054931641,4170200
2019-09-19,246.0,247.94000244140625,244.83999633789065,246.6000061035156,246.6000061035156,4795800
2019-09-20,246.4900054931641,246.9499969482422,238.16000366210935,240.6199951171875,240.6199951171875,6353000
2019-09-23,240.0,245.17999267578125,239.22000122070312,241.22999572753903,241.22999572753903,4340200
2019-09-24,241.5200042724609,241.9900054931641,222.6100006103516,223.2100067138672,223.2100067138672,12891500
2019-09-25,224.55999755859372,228.97999572753903,218.3600006103516,228.6999969482422,228.6999969482422,9427100
2019-09-26,230.66000366210935,243.30999755859372,227.3999938964844,242.55999755859372,242.55999755859372,11884500
2019-09-27,242.1999969482422,248.7100067138672,238.72999572753903,242.1300048828125,242.1300048828125,11116400
2019-09-30,243.0,243.97999572753903,236.1100006103516,240.8699951171875,240.8699951171875,5879800
2019-10-01,241.5,245.9499969482422,239.1300048828125,244.69000244140625,244.69000244140625,6162600
2019-10-02,243.2899932861328,244.6499938964844,239.42999267578125,243.1300048828125,243.1300048828125,5631400
2019-10-03,231.8600006103516,234.47999572753903,224.27999877929688,233.02999877929688,233.02999877929688,15084500
2019-10-04,231.6100006103516,234.77999877929688,228.07000732421875,231.42999267578125,231.42999267578125,7995000
2019-10-07,229.8000030517578,238.55999755859372,228.5500030517578,237.72000122070312,237.72000122070312,8064200
2019-10-08,235.8699951171875,243.94000244140625,234.5,240.0500030517578,240.0500030517578,8678200
2019-10-09,241.32000732421875,247.3000030517578,240.6499938964844,244.52999877929688,244.52999877929688,6894400
2019-10-10,245.27999877929688,249.27999877929688,241.5800018310547,244.7400054931641,244.7400054931641,6283300
2019-10-11,247.1499938964844,251.0800018310547,246.80999755859372,247.88999938964844,247.88999938964844,8475400
2019-10-14,247.8999938964844,258.54998779296875,247.1300048828125,256.9599914550781,256.9599914550781,10205000
2019-10-15,257.70001220703125,260.0,254.1199951171875,257.8900146484375,257.8900146484375,6432800
2019-10-16,257.3900146484375,262.1000061035156,256.9200134277344,259.75,259.75,6684100
2019-10-17,262.5,264.7799987792969,260.1700134277344,261.9700012207031,261.9700012207031,4769300
2019-10-18,260.70001220703125,262.79998779296875,255.1000061035156,256.95001220703125,256.95001220703125,5749800
2019-10-21,258.3299865722656,259.5,250.17999267578125,253.5,253.5,5020300
2019-10-22,254.32000732421875,258.3299865722656,250.8500061035156,255.5800018310547,255.5800018310547,4600800
2019-10-23,254.5,256.1400146484375,251.3500061035156,254.67999267578125,254.67999267578125,5261100
2019-10-24,298.3699951171875,304.92999267578125,289.20001220703125,299.67999267578125,299.67999267578125,29720900
2019-10-25,297.7200012207031,330.0,296.1099853515625,328.1300048828125,328.1300048828125,30006100
2019-10-28,327.5400085449219,340.8399963378906,322.6000061035156,327.7099914550781,327.7099914550781,18870300
2019-10-29,319.989990234375,324.29998779296875,314.75,316.2200012207031,316.2200012207031,12684300
2019-10-30,313.0,318.7900085449219,309.9700012207031,315.010009765625,315.010009765625,9641800
2019-10-31,313.1000061035156,319.0,313.0,314.9200134277344,314.9200134277344,5067000
2019-11-01,316.32000732421875,316.4800109863281,309.79998779296875,313.3099975585937,313.3099975585937,6383900
2019-11-04,314.79998779296875,321.94000244140625,309.260009765625,317.4700012207031,317.4700012207031,8787000
2019-11-05,319.6199951171875,323.510009765625,316.1199951171875,317.2200012207031,317.2200012207031,6943400
2019-11-06,318.0,326.7200012207031,314.5,326.5799865722656,326.5799865722656,7940900
2019-11-07,329.1400146484375,341.5,328.0199890136719,335.5400085449219,335.5400085449219,14467300
2019-11-08,334.5,337.4599914550781,332.5,337.1400146484375,337.1400146484375,6069200
2019-11-11,343.95001220703125,349.19000244140625,342.0,345.0899963378906,345.0899963378906,9986700
2019-11-12,346.8999938964844,350.3699951171875,344.0400085449219,349.92999267578125,349.92999267578125,7359400
2019-11-13,355.0,356.3299865722656,345.17999267578125,346.1099853515625,346.1099853515625,8420100
2019-11-14,346.1099853515625,353.8399963378906,342.9100036621094,349.3500061035156,349.3500061035156,6464900
2019-11-15,350.6400146484375,352.79998779296875,348.3599853515625,352.1700134277344,352.1700134277344,4809000
2019-11-18,352.9200134277344,353.1499938964844,346.1000061035156,349.989990234375,349.989990234375,4400400
2019-11-19,351.75,359.989990234375,347.79998779296875,359.5199890136719,359.5199890136719,7724800
2019-11-20,360.0,361.2000122070313,349.57000732421875,352.2200012207031,352.2200012207031,6725100
2019-11-21,354.510009765625,360.8399963378906,354.0,354.8299865722656,354.8299865722656,6110000
2019-11-22,340.1600036621094,341.0,330.0,333.0400085449219,333.0400085449219,16870600
2019-11-25,344.32000732421875,344.57000732421875,334.4599914550781,336.3399963378906,336.3399963378906,12339500
2019-11-26,335.2699890136719,335.5,327.1000061035156,328.9200134277344,328.9200134277344,7947400
2019-11-27,331.1199951171875,333.92999267578125,328.57000732421875,331.2900085449219,331.2900085449219,5555600
2019-11-29,331.1099853515625,331.260009765625,327.5,329.94000244140625,329.94000244140625,2465600
2019-12-02,329.3999938964844,336.3800048828125,328.69000244140625,334.8699951171875,334.8699951171875,6074500
2019-12-03,332.6199951171875,337.9100036621094,332.19000244140625,336.20001220703125,336.20001220703125,6573700
2019-12-04,337.75,337.8599853515625,332.8500061035156,333.0299987792969,333.0299987792969,5533000
2019-12-05,332.8299865722656,334.4200134277344,327.25,330.3699951171875,330.3699951171875,3724600
2019-12-06,335.0,338.8599853515625,334.7699890136719,335.8900146484375,335.8900146484375,7612400
2019-12-09,336.5899963378906,344.45001220703125,335.0799865722656,339.5299987792969,339.5299987792969,9023100
2019-12-10,339.9599914550781,350.7300109863281,339.3099975585937,348.8399963378906,348.8399963378906,8828300
2019-12-11,351.8800048828125,357.19000244140625,351.0899963378906,352.70001220703125,352.70001220703125,6897800
2019-12-12,354.9200134277344,362.739990234375,353.2300109863281,359.67999267578125,359.67999267578125,7763900
2019-12-13,361.0499877929688,365.2099914550781,354.6400146484375,358.3900146484375,358.3900146484375,6570900
2019-12-16,362.5499877929688,383.6099853515625,362.5,381.5,381.5,18174200
2019-12-17,378.989990234375,385.5,375.8999938964844,378.989990234375,378.989990234375,8496800
2019-12-18,380.6300048828125,395.2200012207031,380.5799865722656,393.1499938964844,393.1499938964844,14121000
2019-12-19,397.3200073242188,406.8500061035156,396.5,404.0400085449219,404.0400085449219,18107100
2019-12-20,410.2900085449219,413.0,400.1900024414063,405.5899963378906,405.5899963378906,14752700
2019-12-23,411.7799987792969,422.010009765625,410.0,419.2200012207031,419.2200012207031,13319600
2019-12-24,418.3599853515625,425.4700012207031,412.6900024414063,425.25,425.25,8054700
2019-12-26,427.9100036621094,433.4800109863281,426.3500061035156,430.9400024414063,430.9400024414063,10633900
2019-12-27,435.0,435.30999755859375,426.1099853515625,430.3800048828125,430.3800048828125,9945700
2019-12-30,428.7900085449219,429.0,409.260009765625,414.7000122070313,414.7000122070313,12586400
2019-12-31,405.0,421.2900085449219,402.0799865722656,418.3299865722656,418.3299865722656,10285700
2020-01-02,424.5,430.7000122070313,421.7099914550781,430.260009765625,430.260009765625,9532100
2020-01-03,440.5,454.0,436.9200134277344,443.010009765625,443.010009765625,17778500
2020-01-06,440.4700012207031,451.55999755859375,440.0,451.5400085449219,451.5400085449219,10133000
2020-01-07,461.3999938964844,471.6300048828125,453.3599853515625,469.05999755859375,469.05999755859375,17882100
2020-01-08,473.7000122070313,498.489990234375,468.2300109863281,492.1400146484375,492.1400146484375,31144300
2020-01-09,497.1000061035156,498.7999877929688,472.8699951171875,481.3399963378906,481.3399963378906,28440400
2020-01-10,481.7900085449219,484.9400024414063,473.7000122070313,478.1499938964844,478.1499938964844,12959500
2020-01-13,493.5,525.6300048828125,492.0,524.8599853515625,524.8599853515625,26517600
2020-01-14,544.260009765625,547.4099731445312,524.9000244140625,537.9199829101562,537.9199829101562,28996200
2020-01-15,529.760009765625,537.8400268554688,516.7899780273438,518.5,518.5,17368800
2020-01-16,493.75,514.4600219726562,492.1700134277344,513.489990234375,513.489990234375,21736700
2020-01-17,507.6099853515625,515.6699829101562,503.1600036621094,510.5,510.5,13629100
2020-01-21,530.25,548.5800170898438,528.4099731445312,547.2000122070312,547.2000122070312,17803500
2020-01-22,571.8900146484375,594.5,559.0999755859375,569.5599975585938,569.5599975585938,31369000
2020-01-23,564.25,582.0,555.5999755859375,572.2000122070312,572.2000122070312,19651000
2020-01-24,570.6300048828125,573.8599853515625,554.260009765625,564.8200073242188,564.8200073242188,14353600
2020-01-27,541.989990234375,564.4400024414062,539.280029296875,558.02001953125,558.02001953125,13608100
2020-01-28,568.489990234375,576.8099975585938,558.0800170898438,566.9000244140625,566.9000244140625,11788500
2020-01-29,575.6900024414062,589.7999877929688,567.4299926757812,580.989990234375,580.989990234375,17801500
2020-01-30,632.4199829101562,650.8800048828125,618.0,640.8099975585938,640.8099975585938,29005700
2020-01-31,640.0,653.0,632.52001953125,650.5700073242188,650.5700073242188,15719300
2020-02-03,673.6900024414062,786.1400146484375,673.52001953125,780.0,780.0,47233500
2020-02-04,882.9600219726562,968.989990234375,833.8800048828125,887.0599975585938,887.0599975585938,60938800
2020-02-05,823.260009765625,845.97998046875,704.1099853515625,734.7000122070312,734.7000122070312,48423800
2020-02-06,699.9199829101562,795.8300170898438,687.0,748.9600219726562,748.9600219726562,39880800
2020-02-07,730.5499877929688,769.75,730.0,748.0700073242188,748.0700073242188,17063500
2020-02-10,800.0,819.989990234375,752.4000244140625,771.280029296875,771.280029296875,24689200
2020-02-11,768.7899780273438,783.510009765625,758.0,774.3800048828125,774.3800048828125,11697500
2020-02-12,777.8699951171875,789.75,763.3699951171875,767.2899780273438,767.2899780273438,12022500
2020-02-13,741.8400268554688,818.0,735.0,804.0,804.0,26289300
2020-02-14,787.219970703125,812.969970703125,785.5,800.030029296875,800.030029296875,15693700
2020-02-18,841.5999755859375,860.0,832.3599853515625,858.4000244140625,858.4000244140625,16381700
2020-02-19,923.5,944.780029296875,901.02001953125,917.4199829101562,917.4199829101562,25423000
2020-02-20,911.9500122070312,912.0,859.9400024414062,899.4099731445312,899.4099731445312,17634900
2020-02-21,906.97998046875,913.0599975585938,880.4500122070312,901.0,901.0,14314800
2020-02-24,839.0,863.5,822.2000122070312,833.7899780273438,833.7899780273438,15192200
2020-02-25,849.0,856.5999755859375,787.0,799.9099731445312,799.9099731445312,17290500
2020-02-26,782.5,813.3099975585938,776.1099853515625,778.7999877929688,778.7999877929688,14085500
2020-02-27,730.0,739.77001953125,669.0,679.0,679.0,24277200
2020-02-28,629.7000122070312,690.52001953125,611.52001953125,667.989990234375,667.989990234375,24564200
2020-03-02,711.260009765625,743.6900024414062,686.6699829101562,743.6199951171875,743.6199951171875,20195000
2020-03-03,805.0,806.97998046875,716.1099853515625,745.510009765625,745.510009765625,25784000
2020-03-04,763.9600219726562,766.52001953125,724.72998046875,749.5,749.5,15049000
2020-03-05,723.77001953125,745.75,718.0700073242188,724.5399780273438,724.5399780273438,10852700
2020-03-06,690.0,707.0,684.27001953125,703.47998046875,703.47998046875,12662900
2020-03-09,605.3900146484375,663.0,605.0,608.0,608.0,17073700
2020-03-10,659.4299926757812,668.0,608.0,645.3300170898438,645.3300170898438,15594400
2020-03-11,640.2000122070312,653.5800170898438,613.0,634.22998046875,634.22998046875,13322500
2020-03-12,580.8900146484375,594.5,546.25,560.5499877929688,560.5499877929688,18909100
2020-03-13,595.0,607.5700073242188,502.0,546.6199951171875,546.6199951171875,22640300
2020-03-16,469.5,494.8699951171875,442.1700134277344,445.0700073242188,445.0700073242188,20489500
2020-03-17,440.010009765625,471.8500061035156,396.0,430.2000122070313,430.2000122070313,23994600
2020-03-18,389.0,404.8599853515625,350.510009765625,361.2200012207031,361.2200012207031,23786200
2020-03-19,374.7000122070313,452.0,358.4599914550781,427.6400146484375,427.6400146484375,30195500
2020-03-20,438.2000122070313,477.0,425.7900085449219,427.5299987792969,427.5299987792969,28285500
2020-03-23,433.6000061035156,442.0,410.5,434.2900085449219,434.2900085449219,16454500
2020-03-24,477.2999877929688,513.6900024414062,474.0,505.0,505.0,22895200
2020-03-25,545.25,557.0,511.1099853515625,539.25,539.25,21222700
2020-03-26,547.3900146484375,560.0,512.25,528.1599731445312,528.1599731445312,17380700
2020-03-27,505.0,525.7999877929688,494.0299987792969,514.3599853515625,514.3599853515625,14377400
2020-03-30,510.260009765625,516.6500244140625,491.2300109863281,502.1300048828125,502.1300048828125,11998100
2020-03-31,501.25,542.9600219726562,497.0,524.0,524.0,17771500
2020-04-01,504.0,513.9500122070312,475.1000061035156,481.55999755859375,481.55999755859375,13304500
